{"v":"5.12.1","fr":60,"ip":0,"op":153,"w":430,"h":430,"nm":"wired-outline-1315-computer-mouse","ddd":0,"assets":[{"id":"comp_1","nm":"mouse","fr":60,"layers":[{"ddd":0,"ind":1,"ty":4,"nm":"Mouse","sr":1,"ks":{"o":{"a":0,"k":100,"ix":11},"r":{"a":0,"k":0,"ix":10},"p":{"a":0,"k":[215,455,0],"ix":2,"l":2},"a":{"a":0,"k":[250,490,0],"ix":1,"l":2},"s":{"a":0,"k":[100,100,100],"ix":6,"l":2}},"ao":0,"shapes":[{"ty":"gr","it":[{"ind":0,"ty":"sh","ix":1,"ks":{"a":1,"k":[{"i":{"x":0.833,"y":0.833},"o":{"x":0.167,"y":0.167},"t":0,"s":[{"i":[[-3.533,0],[0,0],[0,0],[0,0],[3.533,0],[0,0],[0,0],[0,0]],"o":[[0,0],[3.533,0],[0,0],[0,0],[0,0],[-3.533,0],[0,0],[0,0]],"v":[[-0.874,240.334],[0.289,240.334],[6.686,240.334],[6.719,240.334],[0.322,240.334],[-0.841,240.334],[-7.238,240.334],[-7.271,240.334]],"c":true}]},{"i":{"x":0.833,"y":0.833},"o":{"x":0.167,"y":0.167},"t":6,"s":[{"i":[[-3.533,0],[0,0],[0,3.273],[0,0],[3.533,0],[0,0],[0,-3.273],[0,0]],"o":[[0,0],[3.533,0],[0,0],[0,-3.273],[0,0],[-3.533,0],[0,0],[0,3.273]],"v":[[-0.874,240.349],[0.289,240.349],[6.686,234.422],[6.719,234.423],[0.322,228.497],[-0.841,228.497],[-7.238,234.423],[-7.271,234.422]],"c":true}]},{"i":{"x":0.833,"y":0.833},"o":{"x":0.167,"y":0.167},"t":14,"s":[{"i":[[-7.637,0],[0,0],[0,7.637],[0,0],[7.637,0],[0,0],[0,-7.637],[0,0]],"o":[[0,0],[7.637,0],[0,0],[0,-7.637],[0,0],[-7.637,0],[0,0],[0,7.637]],"v":[[-1.568,239.702],[0.945,239.702],[14.774,225.874],[14.845,225.876],[1.016,212.048],[-1.497,212.048],[-15.326,225.876],[-15.397,225.874]],"c":true}]},{"i":{"x":0.833,"y":0.833},"o":{"x":0.167,"y":0.167},"t":19,"s":[{"i":[[-7.637,0],[0,0],[0,7.637],[0,0],[7.637,0],[0,0],[0,-7.637],[0,0]],"o":[[0,0],[7.637,0],[0,0],[0,-7.637],[0,0],[-7.637,0],[0,0],[0,7.637]],"v":[[-1.568,239.702],[0.945,239.702],[14.774,225.874],[14.797,198.876],[0.969,185.048],[-1.545,185.048],[-15.373,198.876],[-15.397,225.874]],"c":true}]},{"i":{"x":0.833,"y":0.833},"o":{"x":0.167,"y":0.167},"t":21,"s":[{"i":[[-7.637,0],[0,0],[0,7.637],[0,0],[7.637,0],[0,0],[0,-7.637],[0,0]],"o":[[0,0],[7.637,0],[0,0],[0,-7.637],[0,0],[-7.637,0],[0,0],[0,7.637]],"v":[[-1.568,239.702],[0.945,239.702],[14.774,225.874],[14.774,186.126],[0.945,172.298],[-1.568,172.298],[-15.397,186.126],[-15.397,225.874]],"c":true}]},{"i":{"x":0.833,"y":0.833},"o":{"x":0.167,"y":0.167},"t":28,"s":[{"i":[[-7.637,0],[0,0],[0,7.637],[0,0],[7.637,0],[0,0],[0,-7.637],[0,0]],"o":[[0,0],[7.637,0],[0,0],[0,-7.637],[0,0],[-7.637,0],[0,0],[0,7.637]],"v":[[-1.541,207.202],[0.973,207.202],[14.801,193.374],[14.801,153.626],[0.973,139.798],[-1.541,139.798],[-15.369,153.626],[-15.369,193.374]],"c":true}]},{"i":{"x":0.833,"y":0.833},"o":{"x":0.167,"y":0.167},"t":42,"s":[{"i":[[-7.637,0],[0,0],[0,7.637],[0,0],[7.637,0],[0,0],[0,-7.637],[0,0]],"o":[[0,0],[7.637,0],[0,0],[0,-7.637],[0,0],[-7.637,0],[0,0],[0,7.637]],"v":[[-1.522,130.702],[0.992,130.702],[14.82,116.874],[14.82,77.126],[0.992,63.298],[-1.522,63.298],[-15.35,77.126],[-15.35,116.874]],"c":true}]},{"t":60,"s":[{"i":[[-7.637,0],[0,0],[0,7.637],[0,0],[7.637,0],[0,0],[0,-7.637],[0,0]],"o":[[0,0],[7.637,0],[0,0],[0,-7.637],[0,0],[-7.637,0],[0,0],[0,7.637]],"v":[[-1.257,33.702],[1.257,33.702],[15.085,19.874],[15.085,-19.874],[1.257,-33.702],[-1.257,-33.702],[-15.085,-19.874],[-15.085,19.874]],"c":true}]}],"ix":2},"nm":"Path 1","mn":"ADBE Vector Shape - Group","hd":false},{"ty":"st","c":{"a":0,"k":[1,1,1,1],"ix":3,"x":"var $bm_rt;\n$bm_rt = comp('wired-outline-1315-computer-mouse').layer('control').effect('secondary')('Color');"},"o":{"a":0,"k":100,"ix":4},"w":{"a":0,"k":18.06,"ix":5,"x":"var $bm_rt;\n$bm_rt = $bm_mul($bm_div(value, 3), comp('wired-outline-1315-computer-mouse').layer('control').effect('stroke')('Menu'));"},"lc":2,"lj":2,"bm":0,"nm":".secondary","mn":"ADBE Vector Graphic - Stroke","hd":false,"cl":"secondary"},{"ty":"tr","p":{"a":0,"k":[250,169.166],"ix":2},"a":{"a":0,"k":[0,0],"ix":1},"s":{"a":0,"k":[100,100],"ix":3},"r":{"a":0,"k":0,"ix":6},"o":{"a":0,"k":100,"ix":7},"sk":{"a":0,"k":0,"ix":4},"sa":{"a":0,"k":0,"ix":5},"nm":"Transform"}],"nm":"Group 3","np":2,"cix":2,"bm":0,"ix":1,"mn":"ADBE Vector Group","hd":false},{"ty":"gr","it":[{"ind":0,"ty":"sh","ix":1,"ks":{"a":1,"k":[{"i":{"x":0.833,"y":0.833},"o":{"x":0.167,"y":0.167},"t":0,"s":[{"i":[[0,0],[0,0],[-6.691,0],[0,0]],"o":[[0,0],[26.051,0],[0,0],[0,0]],"v":[[-0.24,99.13],[8.449,99.13],[62.191,99.13],[62.608,99.13]],"c":false}]},{"i":{"x":0.833,"y":0.833},"o":{"x":0.167,"y":0.167},"t":6,"s":[{"i":[[0,0],[0,0],[-6.691,-7.034],[0,0]],"o":[[0,0],[26.051,-0.38],[0,0],[0,0]],"v":[[-0.24,67.76],[8.449,67.76],[62.191,88.414],[62.608,88.54]],"c":false}]},{"i":{"x":0.833,"y":0.833},"o":{"x":0.167,"y":0.167},"t":14,"s":[{"i":[[0,0],[0,0],[-6.163,-16.579],[0,0]],"o":[[0,0],[42.255,0],[0,0],[0,0]],"v":[[-0.24,25.266],[8.449,25.266],[81.663,73.459],[82.211,73.753]],"c":false}]},{"i":{"x":0.833,"y":0.833},"o":{"x":0.167,"y":0.167},"t":19,"s":[{"i":[[0,0],[0,0],[-2.357,-42.189],[0,0]],"o":[[0,0],[42.255,0],[0,0],[0,0]],"v":[[-0.288,-1.734],[8.401,-1.734],[87.913,73.458],[88.461,73.752]],"c":false}]},{"i":{"x":0.833,"y":0.833},"o":{"x":0.167,"y":0.167},"t":21,"s":[{"i":[[0,0],[0,0],[-2.357,-42.189],[0,0]],"o":[[0,0],[42.255,0],[0,0],[0,0]],"v":[[-0.311,-14.484],[8.378,-14.484],[87.889,60.708],[88.461,73.752]],"c":false}]},{"i":{"x":0.833,"y":0.833},"o":{"x":0.167,"y":0.167},"t":28,"s":[{"i":[[0,0],[0,0],[-2.357,-42.189],[0,0]],"o":[[0,0],[42.255,0],[0,0],[0,0]],"v":[[-0.284,-46.984],[8.405,-46.984],[87.916,28.208],[90.461,73.751]],"c":false}]},{"i":{"x":0.833,"y":0.833},"o":{"x":0.167,"y":0.167},"t":42,"s":[{"i":[[0,0],[0,0],[-2.357,-42.189],[0,0]],"o":[[0,0],[42.255,0],[0,0],[0,0]],"v":[[-0.265,-123.484],[8.425,-123.484],[87.936,-48.292],[90.48,-2.749]],"c":false}]},{"t":60,"s":[{"i":[[0,0],[0,0],[-2.357,-42.189],[0,0]],"o":[[0,0],[42.255,0],[0,0],[0,0]],"v":[[0,-220.484],[8.689,-220.484],[88.2,-145.292],[90.745,-99.749]],"c":false}]}],"ix":2},"nm":"R-click","mn":"ADBE Vector Shape - Group","hd":false},{"ind":1,"ty":"sh","ix":2,"ks":{"a":1,"k":[{"i":{"x":0.833,"y":0.833},"o":{"x":0.167,"y":0.167},"t":0,"s":[{"i":[[0,0],[0,0],[-24.821,0],[0,0]],"o":[[0,0],[10.722,0],[0,0],[0,0]],"v":[[-62.694,99.13],[-62.472,99.13],[-8.929,99.13],[-0.24,99.13]],"c":false}]},{"i":{"x":0.833,"y":0.833},"o":{"x":0.167,"y":0.167},"t":6,"s":[{"i":[[0,0],[0,0],[-24.821,0.37],[0,0]],"o":[[0,0],[10.722,-10.534],[0,0],[0,0]],"v":[[-62.694,88.54],[-62.472,88.414],[-8.929,67.76],[-0.24,67.76]],"c":false}]},{"i":{"x":0.833,"y":0.833},"o":{"x":0.167,"y":0.167},"t":14,"s":[{"i":[[0,0],[0,0],[-38.821,1.115],[0,0]],"o":[[0,0],[11.738,-24.079],[0,0],[0,0]],"v":[[-82.279,73.753],[-81.988,73.459],[-8.929,25.265],[-0.24,25.266]],"c":false}]},{"i":{"x":0.833,"y":0.833},"o":{"x":0.167,"y":0.167},"t":19,"s":[{"i":[[0,0],[0,0],[-42.255,0],[0,0]],"o":[[0,0],[2.357,-42.189],[0,0],[0,0]],"v":[[-88.779,73.752],[-88.488,73.458],[-8.977,-1.735],[-0.288,-1.734]],"c":false}]},{"i":{"x":0.833,"y":0.833},"o":{"x":0.167,"y":0.167},"t":21,"s":[{"i":[[0,0],[0,0],[-42.255,0],[0,0]],"o":[[0,0],[2.357,-42.189],[0,0],[0,0]],"v":[[-88.779,73.752],[-88.512,60.708],[-9,-14.485],[-0.311,-14.484]],"c":false}]},{"i":{"x":0.833,"y":0.833},"o":{"x":0.167,"y":0.167},"t":28,"s":[{"i":[[0,0],[0,0],[-42.255,0],[0,0]],"o":[[0,0],[2.357,-42.189],[0,0],[0,0]],"v":[[-91.029,73.751],[-88.484,28.208],[-8.973,-46.985],[-0.284,-46.984]],"c":false}]},{"i":{"x":0.833,"y":0.833},"o":{"x":0.167,"y":0.167},"t":42,"s":[{"i":[[0,0],[0,0],[-42.255,0],[0,0]],"o":[[0,0],[2.357,-42.189],[0,0],[0,0]],"v":[[-91.01,-2.749],[-88.465,-48.292],[-8.954,-123.485],[-0.265,-123.484]],"c":false}]},{"t":60,"s":[{"i":[[0,0],[0,0],[-42.255,0],[0,0]],"o":[[0,0],[2.357,-42.189],[0,0],[0,0]],"v":[[-90.745,-99.749],[-88.2,-145.292],[-8.689,-220.485],[0,-220.484]],"c":false}]}],"ix":2},"nm":"L-click","mn":"ADBE Vector Shape - Group","hd":false},{"ind":2,"ty":"sh","ix":3,"ks":{"a":1,"k":[{"i":{"x":0.833,"y":0.833},"o":{"x":0.167,"y":0.167},"t":0,"s":[{"i":[[0,0],[0,0],[31.25,0],[0,0],[7.505,0],[0,0]],"o":[[0,0],[-9.285,0],[0,0],[-33.375,0],[0,0],[0,0]],"v":[[62.608,99.13],[62.591,99.13],[0,99.13],[0,99.13],[-62.75,99.13],[-62.694,99.13]],"c":false}]},{"i":{"x":0.833,"y":0.833},"o":{"x":0.167,"y":0.167},"t":6,"s":[{"i":[[0,0],[0,0],[31.25,-0.301],[0,0],[7.505,4.013],[0,0]],"o":[[0,0],[-9.285,5.085],[0,0],[-33.375,0.199],[0,0],[0,0]],"v":[[62.608,88.54],[62.591,88.546],[0,99.681],[0,99.681],[-62.75,88.546],[-62.694,88.54]],"c":false}]},{"i":{"x":0.833,"y":0.833},"o":{"x":0.167,"y":0.167},"t":14,"s":[{"i":[[0,0],[0,0],[47.5,-0.369],[0,0],[9.852,9.365],[0,0]],"o":[[0,0],[-12.188,11.865],[0,0],[-53,-0.869],[0,0],[0,0]],"v":[[82.211,73.753],[82.188,73.768],[0,99.749],[0,99.749],[-82.352,73.768],[-82.279,73.753]],"c":false}]},{"i":{"x":0.833,"y":0.833},"o":{"x":0.167,"y":0.167},"t":19,"s":[{"i":[[0,0],[0,0],[47.5,-0.369],[0,0],[9.852,9.365],[0,0]],"o":[[0,0],[-12.188,11.865],[0,0],[-53,-0.869],[0,0],[0,0]],"v":[[88.461,73.752],[88.438,73.766],[0,99.749],[0,99.749],[-88.852,73.766],[-88.779,73.752]],"c":false}]},{"i":{"x":0.833,"y":0.833},"o":{"x":0.167,"y":0.167},"t":21,"s":[{"i":[[0,0],[0,0],[47.5,-0.369],[0,0],[9.852,9.365],[0,0]],"o":[[0,0],[-12.188,11.865],[0,0],[-53,-0.869],[0,0],[0,0]],"v":[[88.461,73.752],[88.438,73.766],[0,99.749],[0,99.749],[-88.852,73.766],[-88.779,73.752]],"c":false}]},{"i":{"x":0.833,"y":0.833},"o":{"x":0.167,"y":0.167},"t":28,"s":[{"i":[[0,0],[0,0],[47.5,-0.369],[0,0],[9.852,9.365],[0,0]],"o":[[0,0],[-12.188,11.865],[0,0],[-53,-0.869],[0,0],[0,0]],"v":[[90.461,73.751],[90.438,73.765],[0,99.749],[0,99.749],[-91.102,73.765],[-91.029,73.751]],"c":false}]},{"i":{"x":0.833,"y":0.833},"o":{"x":0.167,"y":0.167},"t":42,"s":[{"i":[[0,0],[0,0],[55.33,0],[0,0],[-3.087,55.244],[0,0]],"o":[[0,0],[3.087,55.244],[0,0],[-55.33,0],[0,0],[0,0]],"v":[[90.48,-2.749],[90.458,-2.735],[0,99.749],[0,99.749],[-91.083,-2.735],[-91.01,-2.749]],"c":false}]},{"t":60,"s":[{"i":[[0,0],[0,0],[55.33,0],[0,0],[-3.087,55.244],[0,0]],"o":[[0,0],[3.087,55.244],[0,0],[-55.33,0],[0,0],[0,0]],"v":[[90.745,-99.749],[96.208,-1.985],[0,99.749],[0,99.749],[-96.208,-1.985],[-90.745,-99.749]],"c":false}]}],"ix":2},"nm":"Path 1","mn":"ADBE Vector Shape - Group","hd":false},{"ind":3,"ty":"sh","ix":4,"ks":{"a":1,"k":[{"i":{"x":0.833,"y":0.833},"o":{"x":0.167,"y":0.167},"t":0,"s":[{"i":[[0,0],[-27.532,0]],"o":[[27.532,0],[0,0]],"v":[[-62.694,99.13],[62.608,99.13]],"c":false}]},{"i":{"x":0.833,"y":0.833},"o":{"x":0.167,"y":0.167},"t":6,"s":[{"i":[[0,0],[-27.532,14.615]],"o":[[27.532,14.615],[0,0]],"v":[[-62.694,88.54],[62.608,88.54]],"c":false}]},{"i":{"x":0.833,"y":0.833},"o":{"x":0.167,"y":0.167},"t":14,"s":[{"i":[[0,0],[-36.143,34.101]],"o":[[36.143,34.101],[0,0]],"v":[[-82.279,73.753],[82.211,73.753]],"c":false}]},{"i":{"x":0.833,"y":0.833},"o":{"x":0.167,"y":0.167},"t":19,"s":[{"i":[[0,0],[-36.143,34.101]],"o":[[36.143,34.101],[0,0]],"v":[[-88.779,73.752],[88.461,73.752]],"c":false}]},{"i":{"x":0.833,"y":0.833},"o":{"x":0.167,"y":0.167},"t":21,"s":[{"i":[[0,0],[-36.143,34.101]],"o":[[36.143,34.101],[0,0]],"v":[[-88.779,73.752],[88.461,73.752]],"c":false}]},{"i":{"x":0.833,"y":0.833},"o":{"x":0.167,"y":0.167},"t":28,"s":[{"i":[[0,0],[-36.143,34.101]],"o":[[36.143,34.101],[0,0]],"v":[[-91.029,73.751],[90.461,73.751]],"c":false}]},{"i":{"x":0.833,"y":0.833},"o":{"x":0.167,"y":0.167},"t":42,"s":[{"i":[[0,0],[-36.143,34.101]],"o":[[36.143,34.101],[0,0]],"v":[[-91.01,-2.749],[90.48,-2.749]],"c":false}]},{"t":60,"s":[{"i":[[0,0],[-36.143,34.101]],"o":[[36.143,34.101],[0,0]],"v":[[-90.745,-99.749],[90.745,-99.749]],"c":false}]}],"ix":2},"nm":"Path 3","mn":"ADBE Vector Shape - Group","hd":false},{"ind":4,"ty":"sh","ix":5,"ks":{"a":1,"k":[{"i":{"x":0.833,"y":0.833},"o":{"x":0.167,"y":0.167},"t":0,"s":[{"i":[[0,0],[0,0]],"o":[[0,0],[0,0]],"v":[[-0.284,99.13],[-0.311,99.13]],"c":false}]},{"i":{"x":0.833,"y":0.833},"o":{"x":0.167,"y":0.167},"t":6,"s":[{"i":[[0,0],[0,0]],"o":[[0,0],[0,0]],"v":[[-0.284,99.498],[-0.311,99.572]],"c":false}]},{"i":{"x":0.833,"y":0.833},"o":{"x":0.167,"y":0.167},"t":14,"s":[{"i":[[0,0],[0,0]],"o":[[0,0],[0,0]],"v":[[-0.284,99.321],[-0.311,99.495]],"c":false}]},{"i":{"x":0.833,"y":0.833},"o":{"x":0.167,"y":0.167},"t":19,"s":[{"i":[[0,0],[0,0]],"o":[[0,0],[0,0]],"v":[[-0.284,99.321],[-0.311,99.495]],"c":false}]},{"i":{"x":0.833,"y":0.833},"o":{"x":0.167,"y":0.167},"t":21,"s":[{"i":[[0,0],[0,0]],"o":[[0,0],[0,0]],"v":[[-0.284,99.321],[-0.311,99.495]],"c":false}]},{"i":{"x":0.833,"y":0.833},"o":{"x":0.167,"y":0.167},"t":28,"s":[{"i":[[0,0],[0,0]],"o":[[0,0],[0,0]],"v":[[-0.284,99.321],[-0.284,66.995]],"c":false}]},{"i":{"x":0.833,"y":0.833},"o":{"x":0.167,"y":0.167},"t":42,"s":[{"i":[[0,0],[0,0]],"o":[[0,0],[0,0]],"v":[[-0.265,22.821],[-0.265,-9.505]],"c":false}]},{"t":60,"s":[{"i":[[0,0],[0,0]],"o":[[0,0],[0,0]],"v":[[0,-74.179],[0,-106.505]],"c":false}]}],"ix":2},"nm":"Path 4","mn":"ADBE Vector Shape - Group","hd":false},{"ind":5,"ty":"sh","ix":6,"ks":{"a":1,"k":[{"i":{"x":0.833,"y":0.833},"o":{"x":0.167,"y":0.167},"t":0,"s":[{"i":[[0,0],[0,0]],"o":[[0,0],[0,0]],"v":[[-0.24,99.13],[-0.24,99.13]],"c":false}]},{"i":{"x":0.833,"y":0.833},"o":{"x":0.167,"y":0.167},"t":6,"s":[{"i":[[0,0],[0,0]],"o":[[0,0],[0,0]],"v":[[-0.24,86.867],[-0.24,67.757]],"c":false}]},{"i":{"x":0.833,"y":0.833},"o":{"x":0.167,"y":0.167},"t":14,"s":[{"i":[[0,0],[0,0]],"o":[[0,0],[0,0]],"v":[[-0.24,69.849],[-0.24,25.261]],"c":false}]},{"i":{"x":0.833,"y":0.833},"o":{"x":0.167,"y":0.167},"t":19,"s":[{"i":[[0,0],[0,0]],"o":[[0,0],[0,0]],"v":[[-0.288,42.849],[-0.288,-1.739]],"c":false}]},{"i":{"x":0.833,"y":0.833},"o":{"x":0.167,"y":0.167},"t":21,"s":[{"i":[[0,0],[0,0]],"o":[[0,0],[0,0]],"v":[[-0.311,30.099],[-0.311,-14.489]],"c":false}]},{"i":{"x":0.833,"y":0.833},"o":{"x":0.167,"y":0.167},"t":28,"s":[{"i":[[0,0],[0,0]],"o":[[0,0],[0,0]],"v":[[-0.284,-2.401],[-0.284,-46.989]],"c":false}]},{"i":{"x":0.833,"y":0.833},"o":{"x":0.167,"y":0.167},"t":42,"s":[{"i":[[0,0],[0,0]],"o":[[0,0],[0,0]],"v":[[-0.265,-78.901],[-0.265,-123.489]],"c":false}]},{"t":60,"s":[{"i":[[0,0],[0,0]],"o":[[0,0],[0,0]],"v":[[0,-175.901],[0,-220.489]],"c":false}]}],"ix":2},"nm":"Path 5","mn":"ADBE Vector Shape - Group","hd":false},{"ty":"st","c":{"a":0,"k":[1,1,1,1],"ix":3,"x":"var $bm_rt;\n$bm_rt = comp('wired-outline-1315-computer-mouse').layer('control').effect('primary')('Color');"},"o":{"a":0,"k":100,"ix":4},"w":{"a":0,"k":18.06,"ix":5,"x":"var $bm_rt;\n$bm_rt = $bm_mul($bm_div(value, 3), comp('wired-outline-1315-computer-mouse').layer('control').effect('stroke')('Menu'));"},"lc":2,"lj":2,"bm":0,"nm":".primary","mn":"ADBE Vector Graphic - Stroke","hd":false,"cl":"primary"},{"ty":"tr","p":{"a":0,"k":[250,310.37],"ix":2},"a":{"a":0,"k":[0,0],"ix":1},"s":{"a":0,"k":[100,100],"ix":3},"r":{"a":0,"k":0,"ix":6},"o":{"a":0,"k":100,"ix":7},"sk":{"a":0,"k":0,"ix":4},"sa":{"a":0,"k":0,"ix":5},"nm":"Transform"}],"nm":"Group 1","np":7,"cix":2,"bm":0,"ix":2,"mn":"ADBE Vector Group","hd":false}],"ip":0,"op":844,"st":0,"ct":1,"bm":0}]},{"id":"comp_2","nm":"hover-pinch","fr":60,"layers":[{"ddd":0,"ind":1,"ty":4,"nm":"Mouse","sr":1,"ks":{"o":{"a":0,"k":100,"ix":11},"r":{"a":1,"k":[{"i":{"x":[0.34],"y":[1]},"o":{"x":[0.333],"y":[0]},"t":0,"s":[0]},{"i":{"x":[0.667],"y":[1]},"o":{"x":[0.333],"y":[0]},"t":20,"s":[13]},{"i":{"x":[0.449],"y":[1]},"o":{"x":[0.333],"y":[0]},"t":57,"s":[13]},{"i":{"x":[0.667],"y":[1]},"o":{"x":[0.333],"y":[0]},"t":87,"s":[-15]},{"i":{"x":[0.34],"y":[1]},"o":{"x":[0.333],"y":[0]},"t":112,"s":[-15]},{"t":137,"s":[0]}],"ix":10},"p":{"a":1,"k":[{"i":{"x":0.34,"y":1},"o":{"x":0.333,"y":0},"t":0,"s":[215,455,0],"to":[2.833,0,0],"ti":[-2.833,0,0]},{"i":{"x":0.667,"y":0.667},"o":{"x":0.333,"y":0.333},"t":20,"s":[232,455,0],"to":[0,0,0],"ti":[0,0,0]},{"i":{"x":0.449,"y":1},"o":{"x":0.333,"y":0},"t":57,"s":[232,455,0],"to":[-8.333,-6.667,0],"ti":[8.333,6.667,0]},{"i":{"x":0.667,"y":0.667},"o":{"x":0.333,"y":0.333},"t":87,"s":[182,415,0],"to":[0,0,0],"ti":[0,0,0]},{"i":{"x":0.34,"y":1},"o":{"x":0.333,"y":0},"t":112,"s":[182,415,0],"to":[5.5,6.667,0],"ti":[-5.5,-6.667,0]},{"t":137,"s":[215,455,0]}],"ix":2,"l":2},"a":{"a":0,"k":[250,490,0],"ix":1,"l":2},"s":{"a":0,"k":[100,100,100],"ix":6,"l":2}},"ao":0,"shapes":[{"ty":"gr","it":[{"ind":0,"ty":"sh","ix":1,"ks":{"a":0,"k":{"i":[[-7.637,0],[0,0],[0,7.637],[0,0],[7.637,0],[0,0],[0,-7.637],[0,0]],"o":[[0,0],[7.637,0],[0,0],[0,-7.637],[0,0],[-7.637,0],[0,0],[0,7.637]],"v":[[-1.257,33.702],[1.257,33.702],[15.085,19.874],[15.085,-19.874],[1.257,-33.702],[-1.257,-33.702],[-15.085,-19.874],[-15.085,19.874]],"c":true},"ix":2},"nm":"Path 1","mn":"ADBE Vector Shape - Group","hd":false},{"ty":"st","c":{"a":0,"k":[1,1,1,1],"ix":3,"x":"var $bm_rt;\n$bm_rt = comp('wired-outline-1315-computer-mouse').layer('control').effect('secondary')('Color');"},"o":{"a":0,"k":100,"ix":4},"w":{"a":0,"k":18.06,"ix":5,"x":"var $bm_rt;\n$bm_rt = $bm_mul($bm_div(value, 3), comp('wired-outline-1315-computer-mouse').layer('control').effect('stroke')('Menu'));"},"lc":2,"lj":2,"bm":0,"nm":".secondary","mn":"ADBE Vector Graphic - Stroke","hd":false,"cl":"secondary"},{"ty":"tr","p":{"a":0,"k":[250,169.166],"ix":2},"a":{"a":0,"k":[0,0],"ix":1},"s":{"a":0,"k":[100,100],"ix":3},"r":{"a":0,"k":0,"ix":6},"o":{"a":0,"k":100,"ix":7},"sk":{"a":0,"k":0,"ix":4},"sa":{"a":0,"k":0,"ix":5},"nm":"Transform"}],"nm":"Group 3","np":2,"cix":2,"bm":0,"ix":1,"mn":"ADBE Vector Group","hd":false},{"ty":"gr","it":[{"ind":0,"ty":"sh","ix":1,"ks":{"a":0,"k":{"i":[[0,0],[0,0],[-2.357,-42.189],[0,0]],"o":[[0,0],[42.255,0],[0,0],[0,0]],"v":[[0,-220.484],[8.689,-220.484],[88.2,-145.292],[90.745,-99.749]],"c":false},"ix":2},"nm":"R-click","mn":"ADBE Vector Shape - Group","hd":false},{"ind":1,"ty":"sh","ix":2,"ks":{"a":1,"k":[{"i":{"x":0.833,"y":0.833},"o":{"x":0.333,"y":0},"t":20,"s":[{"i":[[0,0],[0,0],[-42.255,0],[0,0]],"o":[[0,0],[2.357,-42.189],[0,0],[0,0]],"v":[[-90.745,-99.749],[-88.2,-145.292],[-8.689,-220.485],[0,-220.484]],"c":false}]},{"i":{"x":0.833,"y":0.833},"o":{"x":0.167,"y":0.167},"t":25,"s":[{"i":[[0,0],[0,0],[-23.224,0],[0,0]],"o":[[0,0],[2.232,-36.209],[0,0],[0,0]],"v":[[-90.745,-99.749],[-83.5,-138.836],[-4.776,-203.37],[0,-203.37]],"c":false}]},{"i":{"x":0.833,"y":1},"o":{"x":0.167,"y":0.167},"t":29,"s":[{"i":[[0,0],[0,0],[-23.224,0],[0,0]],"o":[[0,0],[2.232,-36.209],[0,0],[0,0]],"v":[[-90.745,-99.749],[-83.5,-138.836],[-4.776,-203.37],[0,-203.37]],"c":false}]},{"i":{"x":0.833,"y":0.833},"o":{"x":0.333,"y":0},"t":36,"s":[{"i":[[0,0],[0,0],[-42.255,0],[0,0]],"o":[[0,0],[2.357,-42.189],[0,0],[0,0]],"v":[[-90.745,-99.749],[-88.2,-145.292],[-8.689,-220.485],[0,-220.484]],"c":false}]},{"i":{"x":0.833,"y":0.833},"o":{"x":0.167,"y":0.167},"t":41,"s":[{"i":[[0,0],[0,0],[-23.224,0],[0,0]],"o":[[0,0],[2.232,-36.209],[0,0],[0,0]],"v":[[-90.745,-99.749],[-83.5,-138.836],[-4.776,-203.37],[0,-203.37]],"c":false}]},{"i":{"x":0.667,"y":1},"o":{"x":0.167,"y":0.167},"t":45,"s":[{"i":[[0,0],[0,0],[-23.224,0],[0,0]],"o":[[0,0],[2.232,-36.209],[0,0],[0,0]],"v":[[-90.745,-99.749],[-83.5,-138.836],[-4.776,-203.37],[0,-203.37]],"c":false}]},{"i":{"x":0.833,"y":1},"o":{"x":0.167,"y":0},"t":52,"s":[{"i":[[0,0],[0,0],[-42.255,0],[0,0]],"o":[[0,0],[2.357,-42.189],[0,0],[0,0]],"v":[[-90.745,-99.749],[-88.2,-145.292],[-8.689,-220.485],[0,-220.484]],"c":false}]},{"i":{"x":0.833,"y":0.833},"o":{"x":0.333,"y":0},"t":87,"s":[{"i":[[0,0],[0,0],[-42.255,0],[0,0]],"o":[[0,0],[2.357,-42.189],[0,0],[0,0]],"v":[[-90.745,-99.749],[-88.2,-145.292],[-8.689,-220.485],[0,-220.484]],"c":false}]},{"i":{"x":0.833,"y":0.833},"o":{"x":0.167,"y":0.167},"t":92,"s":[{"i":[[0,0],[0,0],[-23.224,0],[0,0]],"o":[[0,0],[2.232,-36.209],[0,0],[0,0]],"v":[[-90.745,-99.749],[-83.5,-138.836],[-4.776,-203.37],[0,-203.37]],"c":false}]},{"i":{"x":0.667,"y":1},"o":{"x":0.167,"y":0.167},"t":96,"s":[{"i":[[0,0],[0,0],[-23.224,0],[0,0]],"o":[[0,0],[2.232,-36.209],[0,0],[0,0]],"v":[[-90.745,-99.749],[-83.5,-138.836],[-4.776,-203.37],[0,-203.37]],"c":false}]},{"i":{"x":0.833,"y":1},"o":{"x":0.167,"y":0},"t":103,"s":[{"i":[[0,0],[0,0],[-42.255,0],[0,0]],"o":[[0,0],[2.357,-42.189],[0,0],[0,0]],"v":[[-90.745,-99.749],[-88.2,-145.292],[-8.689,-220.485],[0,-220.484]],"c":false}]},{"i":{"x":0.833,"y":0.833},"o":{"x":0.333,"y":0},"t":137,"s":[{"i":[[0,0],[0,0],[-42.255,0],[0,0]],"o":[[0,0],[2.357,-42.189],[0,0],[0,0]],"v":[[-90.745,-99.749],[-88.2,-145.292],[-8.689,-220.485],[0,-220.484]],"c":false}]},{"i":{"x":0.833,"y":0.833},"o":{"x":0.167,"y":0.167},"t":142,"s":[{"i":[[0,0],[0,0],[-23.224,0],[0,0]],"o":[[0,0],[2.232,-36.209],[0,0],[0,0]],"v":[[-90.745,-99.749],[-83.5,-138.836],[-4.776,-203.37],[0,-203.37]],"c":false}]},{"i":{"x":0.667,"y":1},"o":{"x":0.167,"y":0.167},"t":146,"s":[{"i":[[0,0],[0,0],[-23.224,0],[0,0]],"o":[[0,0],[2.232,-36.209],[0,0],[0,0]],"v":[[-90.745,-99.749],[-83.5,-138.836],[-4.776,-203.37],[0,-203.37]],"c":false}]},{"t":153,"s":[{"i":[[0,0],[0,0],[-42.255,0],[0,0]],"o":[[0,0],[2.357,-42.189],[0,0],[0,0]],"v":[[-90.745,-99.749],[-88.2,-145.292],[-8.689,-220.485],[0,-220.484]],"c":false}]}],"ix":2},"nm":"L-click","mn":"ADBE Vector Shape - Group","hd":false},{"ind":2,"ty":"sh","ix":3,"ks":{"a":0,"k":{"i":[[0,0],[0,0],[55.33,0],[0,0],[-3.087,55.244],[0,0]],"o":[[0,0],[3.087,55.244],[0,0],[-55.33,0],[0,0],[0,0]],"v":[[90.745,-99.749],[96.208,-1.985],[0,99.749],[0,99.749],[-96.208,-1.985],[-90.745,-99.749]],"c":false},"ix":2},"nm":"Path 1","mn":"ADBE Vector Shape - Group","hd":false},{"ind":3,"ty":"sh","ix":4,"ks":{"a":0,"k":{"i":[[0,0],[-36.143,34.101]],"o":[[36.143,34.101],[0,0]],"v":[[-90.745,-99.749],[90.745,-99.749]],"c":false},"ix":2},"nm":"Path 3","mn":"ADBE Vector Shape - Group","hd":false},{"ind":4,"ty":"sh","ix":5,"ks":{"a":0,"k":{"i":[[0,0],[0,0]],"o":[[0,0],[0,0]],"v":[[0,-74.179],[0,-106.505]],"c":false},"ix":2},"nm":"Path 4","mn":"ADBE Vector Shape - Group","hd":false},{"ind":5,"ty":"sh","ix":6,"ks":{"a":0,"k":{"i":[[0,0],[0,0]],"o":[[0,0],[0,0]],"v":[[0,-175.901],[0,-220.489]],"c":false},"ix":2},"nm":"Path 5","mn":"ADBE Vector Shape - Group","hd":false},{"ty":"st","c":{"a":0,"k":[1,1,1,1],"ix":3,"x":"var $bm_rt;\n$bm_rt = comp('wired-outline-1315-computer-mouse').layer('control').effect('primary')('Color');"},"o":{"a":0,"k":100,"ix":4},"w":{"a":0,"k":18.06,"ix":5,"x":"var $bm_rt;\n$bm_rt = $bm_mul($bm_div(value, 3), comp('wired-outline-1315-computer-mouse').layer('control').effect('stroke')('Menu'));"},"lc":2,"lj":2,"bm":0,"nm":".primary","mn":"ADBE Vector Graphic - Stroke","hd":false,"cl":"primary"},{"ty":"tr","p":{"a":0,"k":[250,310.37],"ix":2},"a":{"a":0,"k":[0,0],"ix":1},"s":{"a":0,"k":[100,100],"ix":3},"r":{"a":0,"k":0,"ix":6},"o":{"a":0,"k":100,"ix":7},"sk":{"a":0,"k":0,"ix":4},"sa":{"a":0,"k":0,"ix":5},"nm":"Transform"}],"nm":"Group 1","np":7,"cix":2,"bm":0,"ix":2,"mn":"ADBE Vector Group","hd":false}],"ip":0,"op":844,"st":0,"ct":1,"bm":0}]}],"layers":[{"ddd":0,"ind":1,"ty":3,"nm":"control","sr":1,"ks":{"o":{"a":0,"k":0,"ix":11},"r":{"a":0,"k":0,"ix":10},"p":{"a":0,"k":[0,0],"ix":2,"l":2},"a":{"a":0,"k":[0,0,0],"ix":1,"l":2},"s":{"a":0,"k":[100,100,100],"ix":6,"l":2}},"ao":0,"ef":[{"ty":5,"nm":"stroke","np":3,"mn":"Pseudo/@@dGE0Zr8FSwOr8ObhSKTPJA","ix":1,"en":1,"ef":[{"ty":7,"nm":"Menu","mn":"Pseudo/@@dGE0Zr8FSwOr8ObhSKTPJA-0001","ix":1,"v":{"a":0,"k":3,"ix":1}}]},{"ty":5,"nm":"primary","np":3,"mn":"ADBE Color Control","ix":2,"en":1,"ef":[{"ty":2,"nm":"Color","mn":"ADBE Color Control-0001","ix":1,"v":{"a":0,"k":[1,1,1],"ix":1}}]},{"ty":5,"nm":"secondary","np":3,"mn":"ADBE Color Control","ix":3,"en":1,"ef":[{"ty":2,"nm":"Color","mn":"ADBE Color Control-0001","ix":1,"v":{"a":0,"k":[1,1,1],"ix":1}}]}],"ip":0,"op":224,"st":0,"bm":0},{"ddd":0,"ind":3,"ty":0,"nm":"hover-pinch","refId":"comp_2","sr":1,"ks":{"o":{"a":0,"k":100,"ix":11},"r":{"a":0,"k":0,"ix":10},"p":{"a":0,"k":[215,215,0],"ix":2,"l":2},"a":{"a":0,"k":[215,215,0],"ix":1,"l":2},"s":{"a":0,"k":[100,100,100],"ix":6,"l":2}},"ao":0,"w":430,"h":430,"ip":0,"op":163,"st":0,"bm":0}],"markers":[{"tm":0,"cm":"default:hover-pinch","dr":153}],"props":{}}